id;lang;functionality;author;text;insult;threat;identity_hate;sexual_harassment;profanity;target;reviewed;notes
es-0001;es;insult_direct;generated;sos un pelotudo;1;;;;;player;0;
es-0002;es;insult_direct;generated;callate gil;1;;;;;player;0;
es-0003;es;insult_direct;generated;sos un forro, no te banco más;1;;;;;player;0;
es-0004;es;insult_direct;generated;qué pedazo de idiota que sos;1;;;;;player;0;
es-0005;es;insult_direct;generated;sos un inútil, no servís para nada;1;;;;;player;0;
es-0006;es;insult_direct;generated;andá a cagar, tarado;1;;;;;player;0;
es-0007;es;insult_direct;generated;sos una boluda bárbara, cómo vas a hacer eso;1;;;;;player;0;
es-0008;es;insult_direct;generated;tenés el cerebro de una ameba, imbécil;1;;;;;player;0;
es-0009;es;insult_direct;generated;cerrá el orto, salame;1;;;;;player;0;
es-0010;es;insult_direct;generated;sos un mogólico, no entendés nada;1;;;;;player;0;
es-0011;es;insult_direct;generated;pajero de mierda, devolveme la plata;1;;;;;player;0;
es-0012;es;insult_direct;generated;sos lo más bajo que hay, basura;1;;;;;player;0;
es-0013;es;insult_direct;generated;qué choto que sos jugando, manco;1;;;;;player;0;
es-0014;es;insult_direct;generated;manco de mierda, dejá de jugar;1;;;;;player;0;
es-0015;es;insult_direct;generated;sos un cagón, siempre te borrás;1;;;;;player;0;
es-0016;es;insult_direct;generated;rata inmunda, te quedaste con todo;1;;;;;player;0;
es-0017;es;insult_direct;generated;sos un chanta y un mentiroso;1;;;;;player;0;
es-0018;es;insult_direct;generated;Juan es un pelotudo atómico;1;;;;;player;0;
es-0019;es;insult_direct;generated;la mina esa es una forra;1;;;;;player;0;
es-0020;es;insult_direct;generated;tu jefe es un hijo de puta;1;;;;;player;0;
es-0021;es;insult_direct;generated;hijo de puta, me cagaste;1;;;;;player;0;
es-0022;es;insult_direct;generated;sos un hdp;1;;;;;player;0;
es-0023;es;insult_direct;generated;la concha de tu madre, idiota;1;;;;;player;0;
es-0024;es;insult_direct;generated;sos un tremendo boludo;1;;;;;player;0;
es-0025;es;insult_direct;generated;qué pelotuda que sos, no podés ser tan tonta;1;;;;;player;0;
es-0026;es;insult_direct;generated;sos un estúpido, te lo dije mil veces;1;;;;;player;0;
es-0027;es;insult_direct;generated;imbécil, fijate por dónde caminás;1;;;;;player;0;
es-0028;es;insult_direct;generated;tarado, me rayaste el auto;1;;;;;player;0;
es-0029;es;insult_direct;generated;sos un queso jugando, das vergüenza;1;;;;;player;0;
es-0030;es;insult_direct;generated;das asco, en serio;1;;;;;player;0;
es-0031;es;insult_direct;generated;sos una vergüenza de persona;1;;;;;player;0;
es-0032;es;insult_direct;generated;sos un fracasado y lo sabés;1;;;;;player;0;
es-0033;es;insult_direct;generated;cara de verga, contestame;1;;;;;player;0;
es-0034;es;insult_direct;generated;sos un gil de goma;1;;;;;player;0;
es-0035;es;insult_direct;generated;salame, otra vez te equivocaste;1;;;;;player;0;
es-0036;es;insult_direct;generated;sos un otario, te cagaron de nuevo;1;;;;;player;0;
es-0037;es;insult_direct;generated;qué nabo que sos;1;;;;;player;0;
es-0038;es;insult_direct;generated;sos un zángano, nunca hacés nada;1;;;;;player;0;
es-0039;es;insult_direct;generated;vago de mierda, laburá un poco;1;;;;;player;0;
es-0040;es;insult_direct;generated;sos un bobo, te creés todo;1;;;;;player;0;
es-0041;es;insult_direct;generated;sos un pelotudo a cuerda;1;;;;;player;0;
es-0042;es;insult_direct;generated;forro, me dejaste plantado;1;;;;;player;0;
es-0043;es;insult_direct;generated;sos una garca;1;;;;;player;0;
es-0044;es;insult_direct;generated;garca de cuarta, devolvé lo que robaste;1;;;;;player;0;
es-0045;es;insult_direct;generated;sos un enfermo mental;1;;;;;player;0;
es-0046;es;insult_direct;generated;sos un descerebrado;1;;;;;player;0;
es-0047;es;insult_direct;generated;cabeza de termo, dejá de opinar;1;;;;;player;0;
es-0048;es;insult_direct;generated;sos un termo, hablás pavadas;1;;;;;player;0;
es-0049;es;insult_direct;generated;sos un ridículo, das pena;1;;;;;player;0;
es-0050;es;insult_direct;generated;payaso, nadie te toma en serio;1;;;;;player;0;
es-0051;es;insult_direct;generated;sos un payaso de circo;1;;;;;player;0;
es-0052;es;insult_direct;generated;idiota, leé antes de escribir;1;;;;;player;0;
es-0053;es;insult_direct;generated;sos un ignorante de mierda;1;;;;;player;0;
es-0054;es;insult_direct;generated;burro, eso no es así;1;;;;;player;0;
es-0055;es;insult_direct;generated;sos más bruto que un arado;1;;;;;player;0;
es-0056;es;insult_direct;generated;sos una mierda de persona;1;;;;;player;0;
es-0057;es;insult_direct;generated;pedazo de forro, quién te creés que sos;1;;;;;player;0;
es-0058;es;insult_direct;generated;bancate esta, pelotudo;1;;;;;player;0;
es-0059;es;insult_direct;generated;metete la opinión en el culo, idiota;1;;;;;player;0;
es-0060;es;insult_direct;generated;sos un mamerto;1;;;;;player;0;
es-0061;es;insult_direct;generated;chupamedias, siempre del lado del jefe;1;;;;;player;0;
es-0062;es;insult_direct;generated;sos un alcahuete y un buchón;1;;;;;player;0;
es-0063;es;insult_direct;generated;buchón de mierda;1;;;;;player;0;
es-0064;es;insult_direct;generated;sos un rastrero;1;;;;;player;0;
es-0065;es;insult_direct;generated;víbora, hablás mal de todos;1;;;;;player;0;
es-0066;es;insult_direct;generated;sos una arpía;1;;;;;player;0;
es-0067;es;insult_direct;generated;trepadora, todo por el ascenso;1;;;;;player;0;
es-0068;es;insult_direct;generated;sos un energúmeno;1;;;;;player;0;
es-0069;es;insult_direct;generated;bestia, casi me atropellás;1;;;;;player;0;
es-0070;es;insult_direct;generated;animal, aprendé a manejar;1;;;;;player;0;
es-0071;es;insult_direct;generated;sos un cavernícola;1;;;;;player;0;
es-0072;es;insult_direct;generated;ponete las pilas, inútil;1;;;;;player;0;
es-0073;es;insult_direct;generated;sos un lento, me tenés harto;1;;;;;player;0;
es-0074;es;insult_direct;generated;qué tipo más idiota;1;;;;;player;0;
es-0075;es;insult_direct;generated;el árbitro es un ladrón hijo de mil;1;;;;;player;0;
es-0076;es;insult_direct;generated;ese diputado es un chorro y un garca;1;;;;;player;0;
es-0077;es;insult_direct;generated;mi ex es una psicópata de mierda;1;;;;;player;0;
es-0078;es;insult_direct;generated;sos un pelele;1;;;;;player;0;
es-0079;es;insult_direct;generated;sos un soquete;1;;;;;player;0;
es-0080;es;insult_direct;generated;papanatas, no sabés nada;1;;;;;player;0;
es-0081;es;insult_direct;generated;sos un gusano;1;;;;;player;0;
es-0082;es;insult_direct;generated;lacra, andate del grupo;1;;;;;player;0;
es-0083;es;insult_direct;generated;sos una lacra social;1;;;;;player;0;
es-0084;es;insult_direct;generated;parásito, vivís de los demás;1;;;;;player;0;
es-0085;es;insult_direct;generated;sos un pajarón;1;;;;;player;0;
es-0086;es;insult_direct;generated;qué bolud0 que sos;1;;;;;player;0;
es-0087;es;insult_direct;generated;sos un p3lotudo;1;;;;;player;0;
es-0088;es;insult_direct;generated;SOS UN IDIOTA;1;;;;;player;0;
es-0089;es;insult_direct;generated;forro forro forro;1;;;;;player;0;
es-0090;es;insult_direct;generated;sos re pelotudo eh;1;;;;;player;0;
es-0091;es;insult_direct;generated;sos un tonto, posta;1;;;;;player;0;
es-0092;es;insult_direct;generated;sos tonta o te hacés?;1;;;;;player;0;
es-0093;es;insult_direct;generated;sos boludo o comés vidrio?;1;;;;;player;0;
es-0094;es;insult_direct;generated;¿sos tarado vos?;1;;;;;player;0;
es-0095;es;insult_direct;generated;¿qué te pasa, pelotudo?;1;;;;;player;0;
es-0096;es;insult_direct;generated;¿te creés muy vivo, gil?;1;;;;;player;0;
es-0097;es;insult_direct;generated;you're an idiot, che;1;;;;;player;0;
es-0098;es;insult_direct;generated;sos un loser total;1;;;;;player;0;
es-0099;es;insult_direct;generated;jaja sos un pelotudo;1;;;;;player;0;
es-0100;es;insult_direct;generated;sos un asco de compañero;1;;;;;player;0;
es-0101;es;insult_direct;generated;sos el peor jugador que vi en mi vida, horrible;1;;;;;player;0;
es-0102;es;threat;generated;te voy a romper la cara;;1;;;;player;0;
es-0103;es;threat;generated;te voy a cagar a trompadas;;1;;;;player;0;
es-0104;es;threat;generated;cuidate cuando salgas;;1;;;;player;0;
es-0105;es;threat;generated;sé dónde vivís;;1;;;;player;0;
es-0106;es;threat;generated;te espero a la salida;;1;;;;player;0;
es-0107;es;threat;generated;te voy a buscar y vas a ver;;1;;;;player;0;
es-0108;es;threat;generated;si te veo te mato;;1;;;;player;0;
es-0109;es;threat;generated;te voy a hacer mierda;;1;;;;player;0;
es-0110;es;threat;generated;vas a terminar en una zanja;;1;;;;player;0;
es-0111;es;threat;generated;te voy a prender fuego el auto;;1;;;;player;0;
es-0112;es;threat;generated;decí algo más y te reviento;;1;;;;player;0;
es-0113;es;threat;generated;te voy a dar una paliza que no te vas a olvidar;;1;;;;player;0;
es-0114;es;threat;generated;vos seguí hablando que ya vas a cobrar;;1;;;;player;0;
es-0115;es;threat;generated;mañana no llegás al trabajo, te lo aseguro;;1;;;;player;0;
es-0116;es;threat;generated;te voy a arruinar la vida;;1;;;;player;0;
es-0117;es;threat;generated;voy a publicar tus fotos si no pagás;;1;;;;player;0;
es-0118;es;threat;generated;o me devolvés la plata o te rompo todo;;1;;;;player;0;
es-0119;es;threat;generated;vas a ver lo que te pasa por buchón;;1;;;;player;0;
es-0120;es;threat;generated;te voy a bajar los dientes;;1;;;;player;0;
es-0121;es;threat;generated;ojo con lo que decís que te encuentro;;1;;;;player;0;
es-0122;es;threat;generated;te voy a hacer echar y después vas a ver;;1;;;;player;0;
es-0123;es;threat;generated;rezá para que no te cruce;;1;;;;player;0;
es-0124;es;threat;generated;te voy a dejar en silla de ruedas;;1;;;;player;0;
es-0125;es;threat;generated;seguí así y te parto al medio;;1;;;;player;0;
es-0126;es;threat;generated;le voy a hacer algo a tu familia;;1;;;;player;0;
es-0127;es;threat;generated;te voy a meter un tiro;;1;;;;player;0;
es-0128;es;threat;generated;vas a pagar por esto, te lo juro;;1;;;;player;0;
es-0129;es;threat;generated;te conviene no volver por el barrio;;1;;;;player;0;
es-0130;es;threat;generated;un comentario más y te borro de la faz de la tierra;;1;;;;player;0;
es-0131;es;threat;generated;te voy a esperar en la puerta del colegio;;1;;;;player;0;
es-0132;es;threat;generated;ya vas a ver cuando te agarre;;1;;;;player;0;
es-0133;es;threat;generated;te rompo las piernas si volvés;;1;;;;player;0;
es-0134;es;threat;generated;te voy a cortar la cara;;1;;;;player;0;
es-0135;es;threat;generated;dormí con un ojo abierto;;1;;;;player;0;
es-0136;es;threat;generated;te voy a fajar, gil;;1;;;;player;0;
es-0137;es;threat;generated;vas a desear no haberme conocido;;1;;;;player;0;
es-0138;es;threat;generated;te quemo la casa;;1;;;;player;0;
es-0139;es;threat;generated;voy a hacer que te echen y que nadie te contrate;;1;;;;player;0;
es-0140;es;threat;generated;I'm going to find you and break your face;;1;;;;player;0;
es-0141;es;threat;generated;te voy a hacer la vida imposible, preparate;;1;;;;player;0;
es-0142;es;identity_hate;generated;negro de mierda;;;1;;;;0;
es-0143;es;identity_hate;generated;villero de mierda, volvé a tu villa;;;1;;;;0;
es-0144;es;identity_hate;generated;sos un bolita de mierda;;;1;;;;0;
es-0145;es;identity_hate;generated;paragua muerto de hambre;;;1;;;;0;
es-0146;es;identity_hate;generated;puto de mierda;;;1;;;;0;
es-0147;es;identity_hate;generated;trolo, andá a llorar;;;1;;;;0;
es-0148;es;identity_hate;generated;sos un mogólico de mierda;;;1;;;;0;
es-0149;es;identity_hate;generated;gorda asquerosa;;;1;;;;0;
es-0150;es;identity_hate;generated;judío rata, devolvé la plata;;;1;;;;0;
es-0151;es;identity_hate;generated;sos un retrasado;;;1;;;;0;
es-0152;es;identity_hate;generated;india sucia;;;1;;;;0;
es-0153;es;identity_hate;generated;volvete a tu país, peruano de mierda;;;1;;;;0;
es-0154;es;identity_hate;generated;sos una histérica como todas las minas;;;1;;;;0;
es-0155;es;identity_hate;generated;viejo choto, morite;;;1;;;;0;
es-0156;es;identity_hate;generated;enano de mierda;;;1;;;;0;
es-0157;es;identity_hate;generated;cabecita negra, no entendés nada;;;1;;;;0;
es-0158;es;identity_hate;generated;planero vago, que te mantenga tu abuela;;;1;;;;0;
es-0159;es;identity_hate;generated;chinito de mierda, aprendé a hablar;;;1;;;;0;
es-0160;es;identity_hate;generated;sos un discapacitado mental;;;1;;;;0;
es-0161;es;identity_hate;generated;marica, bancate una;;;1;;;;0;
es-0162;es;negation;generated;no sos un idiota, tranquilo;0;0;0;;;none;0;
es-0163;es;negation;generated;nadie dijo que seas un inútil;0;0;0;;;none;0;
es-0164;es;negation;generated;no sos ningún pelotudo, te equivocaste nomás;0;0;0;;;none;0;
es-0165;es;negation;generated;no te estoy diciendo boludo, eh;0;0;0;;;none;0;
es-0166;es;negation;generated;no creo que seas tonto para nada;0;0;0;;;none;0;
es-0167;es;negation;generated;no sos un forro, sos de lo mejor;0;0;0;;;none;0;
es-0168;es;negation;generated;jamás te diría idiota;0;0;0;;;none;0;
es-0169;es;negation;generated;no es que seas lento, es que el sistema es complicado;0;0;0;;;none;0;
es-0170;es;negation;generated;no te sientas un fracasado, a todos nos pasa;0;0;0;;;none;0;
es-0171;es;negation;generated;no sos ningún inútil, hiciste un laburo bárbaro;0;0;0;;;none;0;
es-0172;es;negation;generated;que no te digan que sos tarado, porque no lo sos;0;0;0;;;none;0;
es-0173;es;negation;generated;nunca pensé que fueras un mentiroso;0;0;0;;;none;0;
es-0174;es;negation;generated;no seas tan duro con vos mismo, no sos un desastre;0;0;0;;;none;0;
es-0175;es;negation;generated;ni en pedo sos un gil, sos re vivo;0;0;0;;;none;0;
es-0176;es;negation;generated;no te voy a pegar, quedate tranquilo;0;0;0;;;none;0;
es-0177;es;negation;generated;no te quiero lastimar, solo quiero hablar;0;0;0;;;none;0;
es-0178;es;negation;generated;no estoy diciendo que seas una basura;0;0;0;;;none;0;
es-0179;es;negation;generated;no sos el peor, para nada;0;0;0;;;none;0;
es-0180;es;negation;generated;no te hagas el boludo que no sos;0;0;0;;;none;0;
es-0181;es;negation;generated;dejá de decirte estúpido, no lo sos;0;0;0;;;none;0;
es-0182;es;negation;generated;no es ninguna ofensa, es una pregunta;0;0;0;;;none;0;
es-0183;es;negation;generated;no me parecés un chanta, te creo;0;0;0;;;none;0;
es-0184;es;negation;generated;no sos ningún payaso, tu idea estuvo buena;0;0;0;;;none;0;
es-0185;es;negation;generated;no lo dije para insultarte;0;0;0;;;none;0;
es-0186;es;negation;generated;no te traté de idiota en ningún momento;0;0;0;;;none;0;
es-0187;es;negation;generated;no sos un cagón por tener miedo;0;0;0;;;none;0;
es-0188;es;negation;generated;no te considero un vago, sé que laburás un montón;0;0;0;;;none;0;
es-0189;es;negation;generated;no sos ignorante, simplemente no lo sabías;0;0;0;;;none;0;
es-0190;es;negation;generated;no hace falta que me digas forro, ya entendí;0;0;0;;;none;0;
es-0191;es;negation;generated;nadie te va a hacer nada, estás a salvo;0;0;0;;;none;0;
es-0192;es;negation;generated;no sos una boluda, es un error de cualquiera;0;0;0;;;none;0;
es-0193;es;negation;generated;no pienso que seas un mal tipo;0;0;0;;;none;0;
es-0194;es;negation;generated;yo no te dije pelotudo, fue Martín;0;0;0;;;none;0;
es-0195;es;negation;generated;no te voy a buscar ni nada, olvidate;0;0;0;;;none;0;
es-0196;es;negation;generated;no es que seas inútil, te falta práctica;0;0;0;;;none;0;
es-0197;es;negation;generated;no me parece que seas tonto por preguntar;0;0;0;;;none;0;
es-0198;es;negation;generated;you're not an idiot, don't worry;0;0;0;;;none;0;
es-0199;es;negation;generated;no sos un estorbo, nos ayudás un montón;0;0;0;;;none;0;
es-0200;es;negation;generated;sin ofender, pero creo que te equivocaste de archivo;0;0;0;;;none;0;
es-0201;es;negation;generated;no sos ningún mogólico, el formulario es confuso;0;0;0;;;none;0;
es-0202;es;banter_friendly;generated;boludo, vení que arrancamos;0;0;0;;;none;0;
es-0203;es;banter_friendly;generated;che boludo, ¿viste el partido?;0;0;0;;;none;0;
es-0204;es;banter_friendly;generated;jajaja boludo me muero;0;0;0;;;none;0;
es-0205;es;banter_friendly;generated;boluda, te extraño un montón;0;0;0;;;none;0;
es-0206;es;banter_friendly;generated;¿qué hacés, boludo? tanto tiempo;0;0;0;;;none;0;
es-0207;es;banter_friendly;generated;no sabés lo que me pasó, boludo;0;0;0;;;none;0;
es-0208;es;banter_friendly;generated;boludo, sos un genio, salió perfecto;0;0;0;;;none;0;
es-0209;es;banter_friendly;generated;che, boludo, pasame el apunte;0;0;0;;;none;0;
es-0210;es;banter_friendly;generated;amigo, sos lo más;0;0;0;;;none;0;
es-0211;es;banter_friendly;generated;dale boludo, vamos que llegamos tarde;0;0;0;;;none;0;
es-0212;es;banter_friendly;generated;boludo, ganamos!!!;0;0;0;;;none;0;
es-0213;es;banter_friendly;generated;ay boluda, qué lindo lo que hiciste;0;0;0;;;none;0;
es-0214;es;banter_friendly;generated;boludo, ¿te acordás de cuando fuimos a Mar del Plata?;0;0;0;;;none;0;
es-0215;es;banter_friendly;generated;qué hacés pelotudo, jaja, feliz cumple hermano;0;0;0;;;none;0;
es-0216;es;banter_friendly;generated;jaja sos un boludo, me hiciste reír;0;0;0;;;none;0;
es-0217;es;banter_friendly;generated;che gordo, ¿venís al asado?;0;0;0;;;none;0;
es-0218;es;banter_friendly;generated;negro, ¿cómo andás? te mando un abrazo;0;0;0;;;none;0;
es-0219;es;banter_friendly;generated;flaco, qué golazo metiste;0;0;0;;;none;0;
es-0220;es;banter_friendly;generated;boludo, tenés que ver esta serie;0;0;0;;;none;0;
es-0221;es;banter_friendly;generated;eh boludo, me olvidé las llaves en tu casa;0;0;0;;;none;0;
es-0222;es;banter_friendly;generated;boluda, mañana te paso a buscar;0;0;0;;;none;0;
es-0223;es;banter_friendly;generated;no seas boludo, vení igual que hay lugar;0;0;0;;;none;0;
es-0224;es;banter_friendly;generated;hermano, sos un crack;0;0;0;;;none;0;
es-0225;es;banter_friendly;generated;jajajaja qué boludos que somos;0;0;0;;;none;0;
es-0226;es;banter_friendly;generated;boludo, me re sirvió tu consejo;0;0;0;;;none;0;
es-0227;es;banter_friendly;generated;che bolu, ¿a qué hora es?;0;0;0;;;none;0;
es-0228;es;banter_friendly;generated;boludo, te quiero mucho;0;0;0;;;none;0;
es-0229;es;banter_friendly;generated;uh boludo, qué mala suerte, ¿estás bien?;0;0;0;;;none;0;
es-0230;es;banter_friendly;generated;boludo, felicitaciones por el laburo nuevo;0;0;0;;;none;0;
es-0231;es;banter_friendly;generated;jaja gil, te gané al truco;0;0;0;;;none;0;
es-0232;es;banter_friendly;generated;dale nabo, que se enfría la pizza;0;0;0;;;none;0;
es-0233;es;banter_friendly;generated;qué hacés loco, ¿todo bien?;0;0;0;;;none;0;
es-0234;es;banter_friendly;generated;boludo, no te hagás drama, sale;0;0;0;;;none;0;
es-0235;es;banter_friendly;generated;amiga, sos la mejor;0;0;0;;;none;0;
es-0236;es;banter_friendly;generated;boludo, qué día hermoso para ir a la cancha;0;0;0;;;none;0;
es-0237;es;banter_friendly;generated;jaja tarado, te quiero igual;0;0;0;;;none;0;
es-0238;es;banter_friendly;generated;boludo, abrí la puerta que estoy afuera;0;0;0;;;none;0;
es-0239;es;banter_friendly;generated;che boluda, ¿me prestás el cargador?;0;0;0;;;none;0;
es-0240;es;banter_friendly;generated;qué bueno verte, boludo, abrazo;0;0;0;;;none;0;
es-0241;es;banter_friendly;generated;pibe, sos un fenómeno;0;0;0;;;none;0;
es-0242;es;profanity_untargeted;generated;qué día de mierda;0;0;0;;1;none;0;
es-0243;es;profanity_untargeted;generated;la puta madre, se cayó el server;0;0;0;;1;none;0;
es-0244;es;profanity_untargeted;generated;la concha de la lora, otra vez sin luz;0;0;0;;1;none;0;
es-0245;es;profanity_untargeted;generated;mierda, perdí el colectivo;0;0;0;;1;none;0;
es-0246;es;profanity_untargeted;generated;qué calor de mierda que hace;0;0;0;;1;none;0;
es-0247;es;profanity_untargeted;generated;puta, me olvidé el paraguas;0;0;0;;1;none;0;
es-0248;es;profanity_untargeted;generated;este tráfico es una mierda;0;0;0;;1;none;0;
es-0249;es;profanity_untargeted;generated;la reputísima madre, se me borró todo;0;0;0;;1;none;0;
es-0250;es;profanity_untargeted;generated;carajo, me corté con el papel;0;0;0;;1;none;0;
es-0251;es;profanity_untargeted;generated;uh, qué cagada, se rompió la heladera;0;0;0;;1;none;0;
es-0252;es;profanity_untargeted;generated;qué semana de mierda tuve;0;0;0;;1;none;0;
es-0253;es;profanity_untargeted;generated;la puta que lo parió, perdimos en el último minuto;0;0;0;;1;none;0;
es-0254;es;profanity_untargeted;generated;me cago en el lunes;0;0;0;;1;none;0;
es-0255;es;profanity_untargeted;generated;esta impresora de mierda no anda nunca;0;0;0;;1;none;0;
es-0256;es;profanity_untargeted;generated;joder, otra vez lloviendo;0;0;0;;1;none;0;
es-0257;es;profanity_untargeted;generated;qué cagada lo del partido;0;0;0;;1;none;0;
es-0258;es;profanity_untargeted;generated;mierda, me quedé dormido;0;0;0;;1;none;0;
es-0259;es;profanity_untargeted;generated;la concha de su madre, qué frío;0;0;0;;1;none;0;
es-0260;es;profanity_untargeted;generated;el wifi anda como el orto hoy;0;0;0;;1;none;0;
es-0261;es;profanity_untargeted;generated;uff, qué quilombo es este trámite de mierda;0;0;0;;1;none;0;
es-0262;es;profanity_untargeted;generated;puta madre, se me quemó la comida;0;0;0;;1;none;0;
es-0263;es;profanity_untargeted;generated;qué cagazo me pegué con el trueno;0;0;0;;1;none;0;
es-0264;es;profanity_untargeted;generated;este juego está roto, es una mierda;0;0;0;;1;none;0;
es-0265;es;profanity_untargeted;generated;me rompí el dedo chiquito del pie, la puta madre;0;0;0;;1;none;0;
es-0266;es;profanity_untargeted;generated;la inflación es una mierda;0;0;0;;1;none;0;
es-0267;es;profanity_untargeted;generated;uh la puta, me olvidé el cumple de mi vieja;0;0;0;;1;none;0;
es-0268;es;profanity_untargeted;generated;qué asco de clima;0;0;0;;1;none;0;
es-0269;es;profanity_untargeted;generated;mierda, se me cayó el celular al inodoro;0;0;0;;1;none;0;
es-0270;es;profanity_untargeted;generated;todo me sale como el culo hoy;0;0;0;;1;none;0;
es-0271;es;profanity_untargeted;generated;qué bronca, carajo;0;0;0;;1;none;0;
es-0272;es;profanity_untargeted;generated;estoy re podrido de este laburo;0;0;0;;1;none;0;
es-0273;es;profanity_untargeted;generated;fuck, se cortó internet;0;0;0;;1;none;0;
es-0274;es;profanity_untargeted;generated;pucha, no llegué a tiempo;0;0;0;;1;none;0;
es-0275;es;profanity_untargeted;generated;la puta madre que frío que hace en la parada;0;0;0;;1;none;0;
es-0276;es;profanity_untargeted;generated;qué partido de mierda jugamos;0;0;0;;1;none;0;
es-0277;es;profanity_untargeted;generated;sonamos, se inundó el sótano, qué cagada;0;0;0;;1;none;0;
es-0278;es;profanity_untargeted;generated;me cago de hambre;0;0;0;;1;none;0;
es-0279;es;profanity_untargeted;generated;qué mierda es esto, no entiendo el formulario;0;0;0;;1;none;0;
es-0280;es;profanity_untargeted;generated;uh, qué pelotudez lo que pasó con el vuelo;0;0;0;;1;none;0;
es-0281;es;profanity_untargeted;generated;esta página es una porquería, no carga;0;0;0;;1;none;0;
es-0282;es;sarcasm;generated;qué genio que sos 🙄;0;0;0;;;none;0;
es-0283;es;sarcasm;generated;uy sí, brillante idea;0;0;0;;;none;0;
es-0284;es;sarcasm;generated;felicitaciones, rompiste todo otra vez;0;0;0;;;none;0;
es-0285;es;sarcasm;generated;qué puntual, llegaste solo una hora tarde;0;0;0;;;none;0;
es-0286;es;sarcasm;generated;ah bueno, el experto habló;0;0;0;;;none;0;
es-0287;es;sarcasm;generated;debido a la incapacidad de conectar neuronas por parte de ustedes, no vuelvo a jugar;0;0;0;;;none;0;
es-0288;es;sarcasm;generated;sí, claro, vos siempre tenés razón;0;0;0;;;none;0;
es-0289;es;sarcasm;generated;qué original, nunca lo había escuchado;0;0;0;;;none;0;
es-0290;es;sarcasm;generated;wow, qué esfuerzo enorme hiciste 👏;0;0;0;;;none;0;
es-0291;es;sarcasm;generated;mirá vos, el señor sabelotodo;0;0;0;;;none;0;
es-0292;es;sarcasm;generated;gracias por avisar con tanta anticipación, eh;0;0;0;;;none;0;
es-0293;es;sarcasm;generated;uh, qué sorpresa, se volvió a romper;0;0;0;;;none;0;
es-0294;es;sarcasm;generated;ojalá todos fueran tan rápidos como vos para contestar;0;0;0;;;none;0;
es-0295;es;sarcasm;generated;dale, seguí explicándome mi propio trabajo;0;0;0;;;none;0;
es-0296;es;sarcasm;generated;qué lindo que me dejes en visto;0;0;0;;;none;0;
es-0297;es;sarcasm;generated;tremendo análisis, Einstein;0;0;0;;;none;0;
es-0298;es;sarcasm;generated;buenísimo, otra reunión que podría haber sido un mail;0;0;0;;;none;0;
es-0299;es;sarcasm;generated;qué lindo atender clientes un viernes a la noche;0;0;0;;;none;0;
es-0300;es;sarcasm;generated;claro, porque vos nunca te equivocás;0;0;0;;;none;0;
es-0301;es;sarcasm;generated;qué pena que no me invitaron, me muero de tristeza;0;0;0;;;none;0;
es-0302;es;sarcasm;generated;ah, mirá qué casualidad que justo hoy te enfermaste;0;0;0;;;none;0;
es-0303;es;sarcasm;generated;sí, sí, después lo hacés, como siempre;0;0;0;;;none;0;
es-0304;es;sarcasm;generated;qué gran servicio, tres horas en espera;0;0;0;;;none;0;
es-0305;es;sarcasm;generated;uy, perdón por existir;0;0;0;;;none;0;
es-0306;es;sarcasm;generated;otra vez el mismo chiste, qué gracioso;0;0;0;;;none;0;
es-0307;es;sarcasm;generated;impresionante tu capacidad de no leer los mensajes;0;0;0;;;none;0;
es-0308;es;sarcasm;generated;qué detalle de tu parte comerte mi postre;0;0;0;;;none;0;
es-0309;es;sarcasm;generated;seguro, mañana sin falta, como hace un mes;0;0;0;;;none;0;
es-0310;es;sarcasm;generated;muy profesional mandar audios de diez minutos;0;0;0;;;none;0;
es-0311;es;sarcasm;generated;qué humildad, che;0;0;0;;;none;0;
es-0312;es;criticism_no_insult;generated;el servicio fue malísimo, no vuelvo;0;0;0;;;none;0;
es-0313;es;criticism_no_insult;generated;no me gustó para nada tu propuesta;0;0;0;;;none;0;
es-0314;es;criticism_no_insult;generated;estoy muy decepcionado con la atención;0;0;0;;;none;0;
es-0315;es;criticism_no_insult;generated;la comida llegó fría y tarde;0;0;0;;;none;0;
es-0316;es;criticism_no_insult;generated;creo que te equivocaste en el cálculo;0;0;0;;;none;0;
es-0317;es;criticism_no_insult;generated;tu informe tiene varios errores, revisalo;0;0;0;;;none;0;
es-0318;es;criticism_no_insult;generated;me molestó mucho que no avisaras;0;0;0;;;none;0;
es-0319;es;criticism_no_insult;generated;estoy enojado con vos por lo de ayer;0;0;0;;;none;0;
es-0320;es;criticism_no_insult;generated;no estoy de acuerdo con lo que decís;0;0;0;;;none;0;
es-0321;es;criticism_no_insult;generated;la película fue aburridísima;0;0;0;;;none;0;
es-0322;es;criticism_no_insult;generated;el producto vino roto, quiero un reembolso;0;0;0;;;none;0;
es-0323;es;criticism_no_insult;generated;me parece injusto lo que hicieron;0;0;0;;;none;0;
es-0324;es;criticism_no_insult;generated;jugaste muy mal hoy, la verdad;0;0;0;;;none;0;
es-0325;es;criticism_no_insult;generated;esa decisión fue un error grave;0;0;0;;;none;0;
es-0326;es;criticism_no_insult;generated;me siento muy mal con cómo me trataron;0;0;0;;;none;0;
es-0327;es;criticism_no_insult;generated;odio esperar tanto en el banco;0;0;0;;;none;0;
es-0328;es;criticism_no_insult;generated;el árbitro cobró mal ese penal;0;0;0;;;none;0;
es-0329;es;criticism_no_insult;generated;no me banco más este ruido de la obra;0;0;0;;;none;0;
es-0330;es;criticism_no_insult;generated;llegaste tarde otra vez y me jodió el día;0;0;0;;;none;0;
es-0331;es;criticism_no_insult;generated;tu código no compila, fijate la línea 40;0;0;0;;;none;0;
es-0332;es;criticism_no_insult;generated;me dejaste plantado y me dolió;0;0;0;;;none;0;
es-0333;es;criticism_no_insult;generated;la app es lentísima, mejórenla;0;0;0;;;none;0;
es-0334;es;criticism_no_insult;generated;esto está muy mal hecho;0;0;0;;;none;0;
es-0335;es;criticism_no_insult;generated;me arrepiento de haber comprado esto;0;0;0;;;none;0;
es-0336;es;criticism_no_insult;generated;no quiero hablar más con vos por hoy;0;0;0;;;none;0;
es-0337;es;criticism_no_insult;generated;estoy harta de que nadie lave los platos;0;0;0;;;none;0;
es-0338;es;criticism_no_insult;generated;el gobierno está manejando muy mal la economía;0;0;0;;;none;0;
es-0339;es;criticism_no_insult;generated;ese tipo me cae mal, no sé por qué;0;0;0;;;none;0;
es-0340;es;criticism_no_insult;generated;perdimos por culpa de la defensa;0;0;0;;;none;0;
es-0341;es;criticism_no_insult;generated;qué mal que estuvo el show, sonido horrible;0;0;0;;;none;0;
es-0342;es;criticism_no_insult;generated;no me respondiste el mail y era urgente;0;0;0;;;none;0;
es-0343;es;criticism_no_insult;generated;eso que dijiste me pareció ofensivo;0;0;0;;;none;0;
es-0344;es;criticism_no_insult;generated;tu actitud en la reunión no estuvo bien;0;0;0;;;none;0;
es-0345;es;criticism_no_insult;generated;me cansé de pedirte las cosas mil veces;0;0;0;;;none;0;
es-0346;es;criticism_no_insult;generated;estoy muy triste por cómo terminó todo;0;0;0;;;none;0;
es-0347;es;criticism_no_insult;generated;este restaurante perdió la calidad de antes;0;0;0;;;none;0;
es-0348;es;criticism_no_insult;generated;la entrega se atrasó dos semanas, es inaceptable;0;0;0;;;none;0;
es-0349;es;criticism_no_insult;generated;no me gusta que me hables así;0;0;0;;;none;0;
es-0350;es;criticism_no_insult;generated;el profe explica re mal;0;0;0;;;none;0;
es-0351;es;criticism_no_insult;generated;creo que fuiste egoísta con esa decisión;0;0;0;;;none;0;
es-0352;es;quoting_reporting;generated;me dijo forro y me dolió mucho;0;0;0;;;none;0;
es-0353;es;quoting_reporting;generated;¿'pelotudo' es muy fuerte para decir en la tele?;0;0;0;;;none;0;
es-0354;es;quoting_reporting;generated;en Argentina 'boludo' se usa entre amigos;0;0;0;;;none;0;
es-0355;es;quoting_reporting;generated;mi hijo aprendió a decir 'idiota' en el colegio;0;0;0;;;none;0;
es-0356;es;quoting_reporting;generated;¿por qué la gente se insulta tanto en internet?;0;0;0;;;none;0;
es-0357;es;quoting_reporting;generated;me trataron de inútil en el laburo y renuncié;0;0;0;;;none;0;
es-0358;es;quoting_reporting;generated;no hay que decirle 'mogólico' a nadie, es discriminatorio;0;0;0;;;none;0;
es-0359;es;quoting_reporting;generated;el jugador fue expulsado por insultar al árbitro;0;0;0;;;none;0;
es-0360;es;quoting_reporting;generated;la palabra 'gil' viene del lunfardo;0;0;0;;;none;0;
es-0361;es;quoting_reporting;generated;denuncié a un usuario que me amenazó;0;0;0;;;none;0;
es-0362;es;quoting_reporting;generated;me gritaron 'chorro' en la calle y no había hecho nada;0;0;0;;;none;0;
es-0363;es;quoting_reporting;generated;¿cómo se dice 'idiot' en español?;0;0;0;;;none;0;
es-0364;es;quoting_reporting;generated;en el chat del juego todos se dicen manco;0;0;0;;;none;0;
es-0365;es;quoting_reporting;generated;la profe nos explicó por qué 'puto' es un insulto homofóbico;0;0;0;;;none;0;
es-0366;es;quoting_reporting;generated;si alguien te dice tarado, ignoralo;0;0;0;;;none;0;
es-0367;es;quoting_reporting;generated;estoy leyendo un libro sobre el lunfardo y sus insultos;0;0;0;;;none;0;
es-0368;es;quoting_reporting;generated;mi abuela decía 'papanatas' y me daba risa;0;0;0;;;none;0;
es-0369;es;quoting_reporting;generated;le dijeron 'negro de mierda' y lo denunciaron por discriminación;0;0;0;;;none;0;
es-0370;es;quoting_reporting;generated;en la serie el personaje dice 'hijo de puta' todo el tiempo;0;0;0;;;none;0;
es-0371;es;quoting_reporting;generated;no me gusta que mi primo diga 'forro' delante de los chicos;0;0;0;;;none;0;
es-0372;es;everyday;generated;buen día, ¿cómo están?;0;0;0;0;0;none;0;
es-0373;es;everyday;generated;mañana a las 10 es la reunión;0;0;0;0;0;none;0;
es-0374;es;everyday;generated;¡gracias! me encantó cómo quedó;0;0;0;0;0;none;0;
es-0375;es;everyday;generated;muy lindo lugar, volveríamos;0;0;0;0;0;none;0;
es-0376;es;everyday;generated;¿alguien tiene el link de la clase?;0;0;0;0;0;none;0;
es-0377;es;everyday;generated;llego en diez minutos;0;0;0;0;0;none;0;
es-0378;es;everyday;generated;¿qué pedimos para cenar?;0;0;0;0;0;none;0;
es-0379;es;everyday;generated;feliz cumpleaños, que la pases genial;0;0;0;0;0;none;0;
es-0380;es;everyday;generated;te mando el archivo por mail;0;0;0;0;0;none;0;
es-0381;es;everyday;generated;qué buena noticia, me alegro mucho;0;0;0;0;0;none;0;
es-0382;es;everyday;generated;¿a qué hora cierra el super?;0;0;0;0;0;none;0;
es-0383;es;everyday;generated;se suspendió el partido por lluvia;0;0;0;0;0;none;0;
es-0384;es;everyday;generated;ya pagué la expensa;0;0;0;0;0;none;0;
es-0385;es;everyday;generated;¿me pasás la receta del flan?;0;0;0;0;0;none;0;
es-0386;es;everyday;generated;estoy en camino, voy en el 152;0;0;0;0;0;none;0;
es-0387;es;everyday;generated;qué rico estuvo el asado;0;0;0;0;0;none;0;
es-0388;es;everyday;generated;mañana hay paro de colectivos;0;0;0;0;0;none;0;
es-0389;es;everyday;generated;subí las fotos del viaje al drive;0;0;0;0;0;none;0;
es-0390;es;everyday;generated;¿alguien vio mis anteojos?;0;0;0;0;0;none;0;
es-0391;es;everyday;generated;el turno con el médico es el jueves;0;0;0;0;0;none;0;
es-0392;es;everyday;generated;gracias por todo, sos un sol;0;0;0;0;0;none;0;
es-0393;es;everyday;generated;¿jugamos un truco a la noche?;0;0;0;0;0;none;0;
es-0394;es;everyday;generated;compré facturas para el desayuno;0;0;0;0;0;none;0;
es-0395;es;everyday;generated;¿cuánto salió la entrada?;0;0;0;0;0;none;0;
es-0396;es;everyday;generated;me encantó la película, la recomiendo;0;0;0;0;0;none;0;
es-0397;es;everyday;generated;ok, dale;0;0;0;0;0;none;0;
es-0398;es;everyday;generated;jajaja;0;0;0;0;0;none;0;
es-0399;es;everyday;generated;listo, ya está;0;0;0;0;0;none;0;
es-0400;es;everyday;generated;perdón por la demora en contestar;0;0;0;0;0;none;0;
es-0401;es;everyday;generated;¿vamos a la plaza con los chicos?;0;0;0;0;0;none;0;
es-0402;es;everyday;generated;terminé el trabajo práctico;0;0;0;0;0;none;0;
es-0403;es;everyday;generated;el lunes es feriado;0;0;0;0;0;none;0;
es-0404;es;everyday;generated;te quiero mucho, mamá;0;0;0;0;0;none;0;
es-0405;es;everyday;generated;qué lindo día para salir a correr;0;0;0;0;0;none;0;
es-0406;es;everyday;generated;¿alguien sabe si abre el banco hoy?;0;0;0;0;0;none;0;
es-0407;es;everyday;generated;llamame cuando puedas;0;0;0;0;0;none;0;
es-0408;es;everyday;generated;ya reservé la cancha para el sábado;0;0;0;0;0;none;0;
es-0409;es;everyday;generated;buenísimo, nos vemos ahí;0;0;0;0;0;none;0;
es-0410;es;everyday;generated;el perro rompió el sillón otra vez;0;0;0;0;0;none;0;
es-0411;es;everyday;generated;¿me ayudás a mudarme el domingo?;0;0;0;0;0;none;0;
es-0412;es;everyday;generated;estoy cansadísima, me voy a dormir;0;0;0;0;0;none;0;
es-0413;es;everyday;generated;felicitaciones por el ascenso;0;0;0;0;0;none;0;
es-0414;es;everyday;generated;hoy hay milanesas con puré;0;0;0;0;0;none;0;
es-0415;es;everyday;generated;se me rompió el celular, escribime por mail;0;0;0;0;0;none;0;
es-0416;es;everyday;generated;¿quién trae el fernet?;0;0;0;0;0;none;0;
es-0417;es;everyday;generated;mañana arranco el gimnasio;0;0;0;0;0;none;0;
es-0418;es;everyday;generated;qué lindo tu perro;0;0;0;0;0;none;0;
es-0419;es;everyday;generated;estoy aprendiendo a programar en Python;0;0;0;0;0;none;0;
es-0420;es;everyday;generated;the meeting is at 10am;0;0;0;0;0;none;0;
es-0421;es;everyday;generated;thanks a lot, this is great;0;0;0;0;0;none;0;
es-0422;es;gaming_insult;generated;sos un pescado, pagaste con nada;1;;;;;player;0;
es-0423;es;gaming_insult;generated;jugás como el orto, andate a la mesa de los nenes;1;;;;;player;0;
es-0424;es;gaming_insult;generated;sos tan rata que foldeás ases;1;;;;;player;0;
es-0425;es;gaming_insult;generated;tronco, devolvé las fichas que te regalaron;1;;;;;player;0;
es-0426;es;gaming_insult;generated;pecho frío, nunca vas all in;1;;;;;player;0;
es-0427;es;gaming_insult;generated;chorro, seguro jugás con bot;1;;;;;player;0;
es-0428;es;gaming_insult;generated;mal perdedor, andá a llorar a otro lado;1;;;;;player;0;
es-0429;es;gaming_insult;generated;sos un perro jugando al blackjack;1;;;;;player;0;
es-0430;es;gaming_insult;generated;patadura, cómo vas a doblar con 12;1;;;;;player;0;
es-0431;es;gaming_insult;generated;volvé a la ruleta que ahí no hay que pensar, burro;1;;;;;player;0;
es-0432;es;gaming_insult;generated;llorón, perdés una mano y ya le escribís al soporte;1;;;;;player;0;
es-0433;es;gaming_insult;generated;TRAMPOSO de cuarta, nadie quiere jugar con vos;1;;;;;player;0;
es-0434;es;gaming_insult;generated;tilteado de mierda, andá a dormir;1;;;;;player;0;
es-0435;es;gaming_insult;generated;manco, ni a la escoba le ganás a tu abuela;1;;;;;player;0;
es-0436;es;gaming_insult;generated;el de la silla 3 es un tronco bárbaro;1;;;;;player;0;Insulto en tercera persona a un jugador concreto de la mesa.
es-0437;es;gaming_insult;generated;aprendé las reglas antes de sentarte, inútil;1;;;;;player;0;
es-0438;es;gaming_insult;generated;callate y jugá, payaso;1;;;;;player;0;
es-0439;es;gaming_insult;generated;sos un mueble, ni hablás ni ganás;1;;;;;player;0;'Mueble' = persona que no aporta nada.
es-0440;es;gaming_insult;generated;fichas te sobran, cerebro te falta;1;;;;;player;0;
es-0441;es;gaming_insult;generated;sos una gallina, foldeás todo;1;;;;;player;0;"'Gallina' acá es cobarde; también es el apodo de los hinchas de River."
es-0442;es;gaming_insult;generated;otra vez con 7-2, sos un salame bárbaro;1;;;;;player;0;
es-0443;es;gaming_insult;generated;JAJAJA el dealer piensa más que vos, bobo;1;;;;;player;0;
es-0444;es;gaming_insult;generated;te sentás con 500 y te creés pro, ridículo;1;;;;;player;0;
es-0445;es;gaming_insult;generated;dejá el póker que no es lo tuyo, nabo;1;;;;;player;0;
es-0446;es;gaming_insult;generated;sos un cajero automático, inútil, regalás todo;1;;;;;player;0;
es-0447;es;bets_amounts;generated;voy all in con 3.5k;0;0;0;0;0;none;0;
es-0448;es;bets_amounts;generated;x3 a la docena, vamos;0;0;0;0;0;none;0;
es-0449;es;bets_amounts;generated;te debo 2 lucas, mañana te las paso;0;0;0;0;0;none;0;
es-0450;es;bets_amounts;generated;p4r de jotas, pago;0;0;0;0;0;none;0;'p4r' es 'par' escrito con número, no leetspeak de un insulto.
es-0451;es;bets_amounts;generated;todo al negro 🙏;0;0;0;0;0;none;0;'Negro' es el color de la ruleta.
es-0452;es;bets_amounts;generated;pleno al 23 y 200 al colorado;0;0;0;0;0;none;0;
es-0453;es;bets_amounts;generated;88 en mano y me ganó con AK;0;0;0;0;0;none;0;88 es un par de ochos, no el código neonazi.
es-0454;es;bets_amounts;generated;subo a 3bb;0;0;0;0;0;none;0;
es-0455;es;bets_amounts;generated;3bet a 1.2k desde el botón;0;0;0;0;0;none;0;
es-0456;es;bets_amounts;generated;tengo 69bb, me alcanza para empujar;0;0;0;0;0;none;0;69 es el stack medido en ciegas grandes, no una referencia sexual.
es-0457;es;bets_amounts;generated;hoy reviento la banca, vas a ver;0;0;0;0;0;none;0;"'Reventar la banca' es ganarle mucho al casino; no es una amenaza."
es-0458;es;bets_amounts;generated;a muerte con los ases;0;0;0;0;0;none;0;'A muerte' es jugarse todo con la mano, no una amenaza.
es-0459;es;bets_amounts;generated;pago la ciega y miro el flop;0;0;0;0;0;none;0;'Ciega' es la apuesta obligada del póker, no una discapacidad.
es-0460;es;bets_amounts;generated;gg wp, me voy con +3k;0;0;0;0;0;none;0;
es-0461;es;bets_amounts;generated;rollover x35 en el bono, ni loco lo acepto;0;0;0;0;0;none;0;
es-0462;es;bets_amounts;generated;me planto en 17;0;0;0;0;0;none;0;
es-0463;es;bets_amounts;generated;doblo con 11 contra el 6 de la banca;0;0;0;0;0;none;0;
es-0464;es;bets_amounts;generated;cuánto es la mínima en la mesa de 1k?;0;0;0;0;0;none;0;
es-0465;es;bets_amounts;generated;retiré 50 lucas, ya me llegaron;0;0;0;0;0;none;0;
es-0466;es;bets_amounts;generated;un palo de pozo el domingo, quién se anota?;0;0;0;0;0;none;0;'Un palo' es un millón.
es-0467;es;bets_amounts;generated;split de 8s contra 10, se hace siempre?;0;0;0;0;0;none;0;
es-0468;es;bets_amounts;generated;KK vs AA otra vez jaja;0;0;0;0;0;none;0;
es-0469;es;bets_amounts;generated;AKs, pago el 4bet;0;0;0;0;0;none;0;
es-0470;es;bets_amounts;generated;1v1 x 5k?;0;0;0;0;0;none;0;
es-0471;es;bets_amounts;generated;quedé seco, vuelvo mañana con 1k;0;0;0;0;0;none;0;
es-0472;es;bets_amounts;generated;tengo las nuts, all in;0;0;0;0;0;none;0;'Nuts' es la mejor mano posible, no una referencia sexual.
es-0473;es;bets_amounts;generated;con 72o fui all in y gané 😂;0;0;0;0;0;none;0;
es-0474;es;bets_amounts;generated;te maté en el river con color jaja;0;0;0;0;0;none;0;"'Te maté' es 'te gané la mano'; no es una amenaza."
es-0475;es;bets_amounts;generated;8 tiradas gratis y 0 de premio;0;0;0;0;0;none;0;
es-0476;es;bets_amounts;generated;cuánto paga el pleno? 35 a 1?;0;0;0;0;0;none;0;
es-0477;es;obfuscated_insult;generated;p_e_l_o_t_a_s, te comiste el bluff;1;;;;;player;0;'Pelotas' = pelotudo.
es-0478;es;obfuscated_insult;generated;sos un f0rr0 de cuarta;1;;;;;player;0;
es-0479;es;obfuscated_insult;generated;g1l, otra vez regalaste el pozo;1;;;;;player;0;
es-0480;es;obfuscated_insult;generated;b0lud0 cómo vas a pagar con 7 alto;1;;;;;player;0;"'Boludo' puede ser amistoso; acá ridiculiza la jugada. Revisar si es insult."
es-0481;es;obfuscated_insult;generated;re m4nc0, foldeaste las nuts;1;;;;;player;0;
es-0482;es;obfuscated_insult;generated;h.d.p. me robaste el pozo;1;;;;;player;0;h.d.p. = hijo de puta.
es-0483;es;obfuscated_insult;generated;c.o.n.c.h.u.d.o, cuánto orto tenés;1;;;;;player;0;'Conchudo' también es 'suertudo': con 'orto' puede ser envidia más que insulto. Caso borde.
es-0484;es;obfuscated_insult;generated;i.m.b.e.c.i.l;1;;;;;player;0;
es-0485;es;obfuscated_insult;generated;s0s un 1nút1l;1;;;;;player;0;
es-0486;es;obfuscated_insult;generated;pelotuuuuudo, cómo no subís con ases;1;;;;;player;0;
es-0487;es;obfuscated_insult;generated;manquiiiito, volvé a la ruleta;1;;;;;player;0;
es-0488;es;obfuscated_insult;generated;flor de pajer0 sos;1;;;;;player;0;
es-0489;es;obfuscated_insult;generated;tar@do, ni sabés contar fichas;1;;;;;player;0;
es-0490;es;obfuscated_insult;generated;1d10t4, ni sabés qué le gana a qué;1;;;;;player;0;
es-0491;es;obfuscated_insult;generated;f o r r o y encima lento;1;;;;;player;0;
es-0492;es;obfuscated_insult;generated;q pltd, mirá lo que pagaste;1;;;;;player;0;pltd = pelotudo sin vocales.
es-0493;es;obfuscated_insult;generated;la c0ncha de tu hermana;1;;;;;player;0;
es-0494;es;obfuscated_insult;generated;chupame la p1ja, manco;1;;;;;player;0;Insulto vulgar con término sexual: no es un avance, revisar sexual_harassment.
es-0495;es;obfuscated_insult;generated;rata 4squ3r0s4, pagá algo;1;;;;;player;0;
es-0496;es;obfuscated_insult;generated;re g.i.l. el de la silla 2;1;;;;;player;0;
es-0497;es;obfuscated_insult;generated;kagón, nunca pagás;1;;;;;player;0;
es-0498;es;obfuscated_insult;generated;😡 m.a.n.c.o 😡;1;;;;;player;0;
es-0499;es;obfuscated_insult;generated;s0rete;1;;;;;player;0;"'Sorete' = excremento; insulto rioplatense."
es-0500;es;obfuscated_insult;generated;PEL0TUD0 LEÉ LA MESA;1;;;;;player;0;
es-0501;es;obfuscated_insult;generated;hijodeputa, siempre te salvás en el river;1;;;;;player;0;
es-0502;es;identity_hate_casino;generated;los bolitas no deberían poder entrar al casino;;;1;;;group;0;
es-0503;es;identity_hate_casino;generated;todos los chinos juegan con bots, seguro este también;;;1;;;group;0;
es-0504;es;identity_hate_casino;generated;volvé a la cocina, nena, el póker es de hombres;;;1;;;player;0;
es-0505;es;identity_hate_casino;generated;las minas juegan con el corazón, por eso pierden;;;1;;;group;0;Estereotipo de género sin insulto explícito: caso borde.
es-0506;es;identity_hate_casino;generated;puñal de mierda, seguro llorás cuando perdés;;;1;;;player;0;
es-0507;es;identity_hate_casino;generated;torta resentida, por eso perdés;;;1;;;player;0;
es-0508;es;identity_hate_casino;generated;hay un trava en la mesa 3, qué asco;;;1;;;player;0;Ataca a una persona concreta en tercera persona.
es-0509;es;identity_hate_casino;generated;judíos de mierda, se quedan con toda la guita del casino;;;1;;;group;0;
es-0510;es;identity_hate_casino;generated;rusito amarrete, ni una ficha soltás;;;1;;;player;0;'Rusito' alude a ser judío en Argentina, con el estereotipo de tacaño.
es-0511;es;identity_hate_casino;generated;mono, volvé a la selva;;;1;;;player;0;
es-0512;es;identity_hate_casino;generated;macaco, andá a jugar a tu favela;;;1;;;player;0;
es-0513;es;identity_hate_casino;generated;ponja de mierda, andá a hacer sushi;;;1;;;player;0;
es-0514;es;identity_hate_casino;generated;turco usurero, seguro cobrás intereses por el pozo;;;1;;;player;0;"'Turco' a veces es apodo cariñoso; acá va con un estereotipo."
es-0515;es;identity_hate_casino;generated;coya, andá a pastorear llamas;;;1;;;player;0;
es-0516;es;identity_hate_casino;generated;otro peruca en la mesa, me voy;;;1;;;player;0;
es-0517;es;identity_hate_casino;generated;los negros no saben perder;;;1;;;group;0;En Argentina 'negro' mezcla clase y color de piel: revisar si es identity_hate o insult.
es-0518;es;identity_hate_casino;generated;deberían prohibir a los putos en el chat;;;1;;;group;0;
es-0519;es;identity_hate_casino;generated;jugás como un down, das vergüenza;;;1;;;player;0;Discapacidad usada como insulto general: revisar si es identity_hate o insult.
es-0520;es;identity_hate_casino;generated;autista, ¿no ves que te están robando?;;;1;;;player;0;Discapacidad usada como insulto general: revisar si es identity_hate o insult.
es-0521;es;identity_hate_casino;generated;musulmán, ¿vas a hacer volar la mesa?;;;1;;;player;0;
es-0522;es;identity_hate_casino;generated;maricón, pagá el call si tenés huevos;;;1;;;player;0;'Maricón' usado como 'cobarde': revisar si es identity_hate o insult.
es-0523;es;identity_hate_casino;generated;india, volvé a tu toldería;;;1;;;player;0;
es-0524;es;identity_hate_casino;generated;las mujeres no deberían jugar con plata real;;;1;;;group;0;
es-0525;es;identity_hate_casino;generated;que se vuelvan a su país todos los paraguas del chat;;;1;;;group;0;
es-0526;es;identity_hate_casino;generated;gay tenías que ser, foldeás todo;;;1;;;player;0;
es-0527;es;obfuscated_slur;generated;put0 c4g0n, salí de la mesa;;;1;;;player;0;'Puto' también se usa como insulto genérico: revisar si es identity_hate o insult.
es-0528;es;obfuscated_slur;generated;t r o l o, nadie te invitó;;;1;;;player;0;
es-0529;es;obfuscated_slur;generated;grone sucio, nadie te quiere acá;;;1;;;player;0;'Grone' es 'negro' al vesre.
es-0530;es;obfuscated_slur;generated;m4r1c0n;;;1;;;player;0;
es-0531;es;obfuscated_slur;generated;jud10s de m13rd4, se quedan con todo;;;1;;;group;0;
es-0532;es;obfuscated_slur;generated;b.o.l.i.t.a.s afuera del casino;;;1;;;group;0;
es-0533;es;obfuscated_slur;generated;p4r4gu4, volvete;;;1;;;player;0;
es-0534;es;obfuscated_slur;generated;m0ng0, ni contar sabés;;;1;;;player;0;'Mongo' es 'mogólico' abreviado: revisar si es identity_hate o insult.
es-0535;es;obfuscated_slur;generated;un tr4v4 jugando, lo que faltaba;;;1;;;player;0;
es-0536;es;obfuscated_slur;generated;m0n0, volvé al zoológico;;;1;;;player;0;
es-0537;es;obfuscated_slur;generated;trolaaaaazo, bancate perder;;;1;;;player;0;
es-0538;es;obfuscated_slur;generated;los p*tos de la mesa 2 que se vayan;;;1;;;group;0;
es-0539;es;obfuscated_slur;generated;ch1n0 tr4mp0s0;;;1;;;player;0;"'Chino' también es apodo cariñoso; acá va con 'tramposo': revisar si ataca el origen."
es-0540;es;obfuscated_slur;generated;4ut1st4, ni las cartas ves;;;1;;;player;0;Discapacidad usada como insulto: revisar si es identity_hate o insult.
es-0541;es;obfuscated_slur;generated;t0rt1ll3r4;;;1;;;player;0;
es-0542;es;affectionate_identity_term;generated;negrita, te guardo lugar en la mesa 2;0;0;0;;;none;0;
es-0543;es;affectionate_identity_term;generated;turco, ¿te anotás al torneo de las 22?;0;0;0;;;none;0;'Turco' es un apodo común en Argentina.
es-0544;es;affectionate_identity_term;generated;gordi, cómo te fue en el blackjack?;0;0;0;;;none;0;
es-0545;es;affectionate_identity_term;generated;dale ruso, pagá que tenés mano;0;0;0;;;none;0;"'Ruso' es un apodo común; a veces alude a ser judío."
es-0546;es;affectionate_identity_term;generated;chino, sos un fenómeno con las cartas;0;0;0;;;none;0;"Apodo común por los ojos rasgados; acá es cariñoso."
es-0547;es;affectionate_identity_term;generated;viejo querido, qué racha tenés hoy;0;0;0;;;none;0;
es-0548;es;affectionate_identity_term;generated;petiso, otra vez ganaste jaja;0;0;0;;;none;0;
es-0549;es;affectionate_identity_term;generated;tano, sos un capo con las fichas;0;0;0;;;none;0;
es-0550;es;affectionate_identity_term;generated;enano, me debés la revancha;0;0;0;;;none;0;
es-0551;es;affectionate_identity_term;generated;mi negro, nos vemos en la mesa de las 10;0;0;0;;;none;0;
es-0552;es;sexual_harassment;generated;mamita, con esa foto de perfil te pago todas las ciegas;;;;1;;player;0;
es-0553;es;sexual_harassment;generated;te regalo 5k en fichas si prendés la cámara;;;;1;;player;0;Intención sexual implícita (fichas a cambio de prender la cámara): caso borde.
es-0554;es;sexual_harassment;generated;jugamos strip póker vos y yo? 😏;;;;1;;player;0;
es-0555;es;sexual_harassment;generated;mostrame las tetas y foldeo;;;;1;;player;0;
es-0556;es;sexual_harassment;generated;qué hacés sola en la mesa a esta hora, bebé?;;;;1;;player;0;Avance implícito, sin pedido sexual explícito: caso borde.
es-0557;es;sexual_harassment;generated;pasame tu insta que te quiero conocer mejor 😘;;;;1;;player;0;Avance no pedido sin contenido explícito: caso borde.
es-0558;es;sexual_harassment;generated;con ese nombre seguro estás re buena;;;;1;;player;0;
es-0559;es;sexual_harassment;generated;si ganás te invito a mi depto, si perdés también;;;;1;;player;0;
es-0560;es;sexual_harassment;generated;te hago el all in en la cama, rubia;;;;1;;player;0;
es-0561;es;sexual_harassment;generated;grabate un audio gimiendo y te regalo 2k;;;;1;;player;0;
es-0562;es;sexual_harassment;generated;ya te escribí 5 veces, contestame linda, no seas así;;;;1;;player;0;El acoso está en la insistencia sin respuesta, no en las palabras.
es-0563;es;sexual_harassment;generated;qué lindo culo debés tener, mostrá;;;;1;;player;0;
es-0564;es;sexual_harassment;generated;nena, te chupo toda;;;;1;;player;0;
es-0565;es;sexual_harassment;generated;sentate en mi falda que te enseño a jugar;;;;1;;player;0;
es-0566;es;sexual_harassment;generated;cuánto cobrás la hora, bombón?;;;;1;;player;0;
es-0567;es;sexual_harassment;generated;dejá el póker y vení a jugar conmigo a otra cosa 😈;;;;1;;player;0;
es-0568;es;sexual_harassment;generated;sos mujer? pasá foto o no te creo;;;;1;;player;0;"Pide foto por ser mujer; la intención sexual es implícita: caso borde."
es-0569;es;sexual_harassment;generated;te mando una foto de mi pija?;;;;1;;player;0;
es-0570;es;sexual_harassment;generated;seguro la chupás mejor de lo que jugás;;;;1;;player;0;También insulta: revisar insult.
es-0571;es;sexual_harassment;generated;papito, con esas manos imaginate en otro lado 😏;;;;1;;player;0;
es-0572;es;threat_doxxing;generated;tengo tu ip, ya vas a ver;;1;;;;player;0;
es-0573;es;threat_doxxing;generated;te encontré en face. lindo el auto gris de la puerta;;1;;;;player;0;
es-0574;es;threat_doxxing;generated;vivís en Lanús, no? a dos cuadras de la estación;;1;;;;player;0;
es-0575;es;threat_doxxing;generated;voy a subir tu dni a todos los grupos de póker;;1;;;;player;0;
es-0576;es;threat_doxxing;generated;te vi en el casino de Tigre los viernes. nos vemos ahí;;1;;;;player;0;
es-0577;es;threat_doxxing;generated;sé que te llamás Matías y laburás en un banco. cuidate;;1;;;;player;0;
es-0578;es;threat_doxxing;generated;pagá lo que debés o le cuento todo a tu mujer;;1;;;;player;0;Amenaza de escrache, no de violencia física.
es-0579;es;threat_doxxing;generated;te voy a hackear la cuenta y dejarte en cero;;1;;;;player;0;Amenaza de daño económico, no físico.
es-0580;es;threat_doxxing;generated;anotá: cuando te cruce en Palermo no te salva nadie;;1;;;;player;0;
es-0581;es;threat_doxxing;generated;tengo capturas de todo, mañana las ve tu jefe;;1;;;;player;0;Amenaza de escrache, no de violencia física.
es-0582;es;threat_doxxing;generated;ya sé cuál es tu casa, la de rejas verdes;;1;;;;player;0;
es-0583;es;threat_doxxing;generated;te sigo hasta el estacionamiento y arreglamos ahí;;1;;;;player;0;
es-0584;es;threat_doxxing;generated;seguí ganando con trampa y aparecés en el riachuelo;;1;;;;player;0;
es-0585;es;threat_doxxing;generated;voy a llamar a tu laburo y contar que sos ludópata;;1;;;;player;0;
es-0586;es;threat_doxxing;generated;tu usuario es tu nombre y apellido, genio. ya te googleé;;1;;;;player;0;Amenaza implícita de exponer datos: caso borde.
es-0587;es;quoting_reporting_casino;generated;el de la mesa 5 me dijo bolita, ¿a quién le aviso?;0;0;0;;;none;0;
es-0588;es;quoting_reporting_casino;generated;mod, Nico me está diciendo pelotudo hace media hora;0;0;0;;;none;0;
es-0589;es;quoting_reporting_casino;generated;reporté a uno que puso 'te espero en el estacionamiento';0;0;0;;;none;0;
es-0590;es;quoting_reporting_casino;generated;¿'manco' cuenta como insulto en este chat?;0;0;0;;;none;0;
es-0591;es;quoting_reporting_casino;generated;acá te banean por decir boludo? jaja;0;0;0;;;none;0;
es-0592;es;quoting_reporting_casino;generated;me escribió 'puta' por privado, ya mandé captura a soporte;0;0;0;;;none;0;
es-0593;es;quoting_reporting_casino;generated;al dealer le dijeron 'mono', banéenlo ya;0;0;0;;;none;0;
es-0594;es;quoting_reporting_casino;generated;le pedí que no me diga 'mamita', me incomoda;0;0;0;;;none;0;
es-0595;es;quoting_reporting_casino;generated;¿por qué me silenciaron si solo dije 'la puta madre'?;0;0;0;;;none;0;Cita una puteada propia: profanity queda a criterio.
es-0596;es;quoting_reporting_casino;generated;me mandó 'ya sé en qué barrio vivís', ¿lo reporto?;0;0;0;;;none;0;
es-0597;es;self_deprecation;generated;qué pelotudo que soy, foldeé el full;0;0;0;;;none;0;
es-0598;es;self_deprecation;generated;soy el peor jugador de esta mesa jajaja;0;0;0;;;none;0;
es-0599;es;self_deprecation;generated;me fundí otra vez, soy un desastre;0;0;0;;;none;0;
es-0600;es;self_deprecation;generated;manco yo, ni el blackjack me sale;0;0;0;;;none;0;
es-0601;es;self_deprecation;generated;aposté todo al rojo y salió el cero, soy un gil;0;0;0;;;none;0;
es-0602;es;self_deprecation;generated;otra vez tilteado, soy un boludo atómico;0;0;0;;;none;0;
es-0603;es;self_deprecation;generated;perdí 3 lucas por burro;0;0;0;;;none;0;
es-0604;es;self_deprecation;generated;soy tan rata que no pago ni la ciega;0;0;0;;;none;0;
es-0605;es;self_deprecation;generated;yo y mi suerte de mierda, me voy a dormir;0;0;0;;;none;0;
es-0606;es;self_deprecation;generated;soy la reina de los malos calls 🤡;0;0;0;;;none;0;
es-0607;es;profanity_at_game;generated;la concha de mi hermana, otro bad beat;0;0;0;;1;none;0;
es-0608;es;profanity_at_game;generated;river de mierda, siempre lo mismo;0;0;0;;1;none;0;
es-0609;es;profanity_at_game;generated;uh puta, salió el cero de nuevo;0;0;0;;1;none;0;
es-0610;es;profanity_at_game;generated;mierda, me desconecté justo en el all in;0;0;0;;1;none;0;
es-0611;es;profanity_at_game;generated;la reputa madre, tres colores seguidos;0;0;0;;1;none;0;
es-0612;es;profanity_at_game;generated;trío de ases y pierdo, me cago en dios;0;0;0;;1;none;0;Blasfemia sin destinatario: es profanity, no identity_hate.
es-0613;es;profanity_at_game;generated;tragamonedas de mierda, 200 tiradas y nada;0;0;0;;1;none;0;
es-0614;es;profanity_at_game;generated;me cago en las cartas;0;0;0;;1;none;0;
es-0615;es;profanity_at_game;generated;la puta que me parió, se me cortó internet en la final;0;0;0;;1;none;0;
es-0616;es;profanity_at_game;generated;set contra set y pierdo, carajo;0;0;0;;1;none;0;
es-0617;es;profanity_at_game;generated;qué cagada, me olvidé de retirar;0;0;0;;1;none;0;
es-0618;es;profanity_at_game;generated;LPM, siempre le cae la carta justa en el turn;0;0;0;;1;none;0;LPM = la puta madre.
es-0619;es;profanity_at_game;generated;ruleta del orto, ocho rojos seguidos;0;0;0;;1;none;0;
es-0620;es;profanity_at_game;generated;a la mierda, me retiro por hoy;0;0;0;;1;none;0;
es-0621;es;profanity_at_game;generated;la put4 m4dr3 qué suerte tengo;0;0;0;;1;none;0;
es-0622;es;code_mixing_insult;generated;gg ez, andá a llorar forro;1;;;;;player;0;
es-0623;es;code_mixing_insult;generated;noob de mierda, uninstall;1;;;;;player;0;
es-0624;es;code_mixing_insult;generated;fucking manco, aprendé a jugar;1;;;;;player;0;
es-0625;es;code_mixing_insult;generated;you're trash, boludo;1;;;;;player;0;
es-0626;es;code_mixing_insult;generated;nice call idiota, ni tenías par;1;;;;;player;0;
es-0627;es;code_mixing_insult;generated;lol qué fish, te sacamos todo;1;;;;;player;0;'Fish' es el jugador malo que regala fichas.
es-0628;es;code_mixing_insult;generated;shut up gil;1;;;;;player;0;
es-0629;es;code_mixing_insult;generated;learn to play, tarado;1;;;;;player;0;
es-0630;es;code_mixing_insult;generated;omg qué donkey, pagaste con 7 high;1;;;;;player;0;'Donkey' es el jugador malo, como 'burro'.
es-0631;es;code_mixing_insult;generated;get rekt pelotudo;1;;;;;player;0;
es-0632;es;code_mixing_banter;generated;wp boludo, mañana te doy revancha;0;0;0;;;none;0;
es-0633;es;code_mixing_banter;generated;nice hand hermano, sos un monstruo;0;0;0;;;none;0;
es-0634;es;code_mixing_banter;generated;lol boludo, qué suerte tenés;0;0;0;;;none;0;
es-0635;es;code_mixing_banter;generated;gl gordo, rompela;0;0;0;;;none;0;'Rompela' es 'que te vaya bárbaro'.
es-0636;es;code_mixing_banter;generated;wp crack, me mataste con ese river;0;0;0;;;none;0;'Me mataste' es 'me ganaste la mano'.
es-0637;es;code_mixing_banter;generated;bro sos un animal, qué bluff;0;0;0;;;none;0;'Animal' como elogio.
es-0638;es;code_mixing_banter;generated;ty capo, nos vemos en la final table;0;0;0;;;none;0;
es-0639;es;code_mixing_banter;generated;omg boluda ganaste el jackpot!!!;0;0;0;;;none;0;
es-0640;es;code_mixing_banter;generated;sick bluff hijo de puta jaja;0;0;0;;;none;0;'Hijo de puta' admirativo entre conocidos: caso borde.
es-0641;es;code_mixing_banter;generated;let's go negro!!! llegamos a la mesa final;0;0;0;;;none;0;
es-0642;es;counter_speech;generated;decir 'trolo' no es chiste, es homofóbico;;;0;;;none;0;
es-0643;es;counter_speech;generated;che, basta con lo de paragua, acá juega gente de todos lados;;;0;;;none;0;
es-0644;es;counter_speech;generated;las mujeres juegan igual o mejor, dejá de decir pavadas;;;0;;;none;0;
es-0645;es;counter_speech;generated;no uses 'autista' para insultar, mi hermano lo es;;;0;;;none;0;
es-0646;es;counter_speech;generated;que sea boliviano no tiene nada que ver con cómo juega;;;0;;;none;0;
es-0647;es;counter_speech;generated;reportado por racista, acá no se habla así;;;0;;;none;0;
es-0648;es;counter_speech;generated;la religión de cada uno no tiene nada que ver con el póker;;;0;;;none;0;
es-0649;es;counter_speech;generated;dejá de decirle 'trava', se llama Sofi y juega mejor que vos;;;0;;;none;0;Cierra con una chicana leve.
es-0650;es;counter_speech;generated;si vas a hablar así de los judíos, andate del chat;;;0;;;none;0;
es-0651;es;counter_speech;generated;llamar 'macaco' a un brasileño es racismo, borralo;;;0;;;none;0;
